Metric,Value,Unit
NPV,19291719.287337907,KRW
IRR,4.913597214159777,%
Payback,29.0,Years
