Base_Rate,Event_Hours,Cap_Revenue,Energy_Revenue,Total_Revenue
40000,0,61840090.21039451,0.0,61840090.21039451
40000,10,61840090.21039451,2245111.202436909,64085201.41283142
40000,20,61840090.21039451,4490222.404873818,66330312.61526833
40000,30,61840090.21039451,6735333.607310727,68575423.81770524
40000,40,61840090.21039451,8980444.809747636,70820535.02014214
40000,50,61840090.21039451,11225556.012184545,73065646.22257906
40000,60,61840090.21039451,13470667.214621454,75310757.42501596
