Season,Type,IT_DR (kW),Cooling_DR (kW),ESS_DR (kW)
Spring,Shed,272.62862773706553,16.159140893855994,1250.0
Spring,Up,272.2511803835538,0.0,1250.0
Summer,Shed,271.5658657694729,72.2258185941661,1250.0
Fall,Up,265.38368438751746,0.0,1250.0
Winter,Shed,254.85584971877057,0.5714630662568712,1250.0
Winter,Up,253.66459796631293,0.0,1250.0
