Season,Type,Avg (kW),P90 (kW),P95 (kW),Max (kW),Std (kW),CV
Spring,Shed,1538.7877686309216,1568.517141957597,1575.1067156633235,1579.983877538309,22.37741780704873,0.014542237898705287
Spring,Up,1522.2511803835534,1554.192239362033,1561.247062404333,1576.3507944194291,23.009294280313178,0.015115307234983158
Summer,Shed,1593.791684363639,1616.7687135235267,1618.5427035781565,1625.1695220603383,21.178715305697803,0.013288258129012596
Fall,Up,1515.3836843875174,1537.2985791439403,1540.5544629113576,1567.2380585720418,15.137865000858433,0.009989460198640587
Winter,Shed,1505.4273127850274,1514.7442759492517,1517.2653938911437,1526.0530922892124,6.992276689193369,0.004644712255324848
Winter,Up,1503.6645979663128,1512.0598835511269,1515.7446846694063,1529.084976883273,6.551392982693214,0.004356951005931701
